{
    "cloud_provider": "aws",
    "cloud_region": "us-east-1",
    "pipeline_name": "{{ cookiecutter.pipeline_name }}",
    "friendly_name": "{{ cookiecutter.pipeline_name.replace('-', ' ').title() }}",
    "output_target": ["kafka", "clickhouse", "flink"],
    "output_name": "output_name",
    "output_key_serializer": "string",
    "output_value_serializer": "avro",
    "input_source": ["websocket", "kafka", "custom"],
    "input_type": "kafka",
    "input_name": "input_name",
    "input_key_serializer": "string",
    "input_value_serializer": "avro",
    "kafka_bootstrap_servers": "pkc-p11xm.us-east-1.aws.confluent.cloud:9092",
    "kafka_security_protocol": "SASL_SSL",
    "kafka_sasl_mechanism": "PLAIN",
    "kafka_sasl_username": "kafka_api_key",
    "kafka_sasl_password": "kafka_api_secret",
    "schema_registry_url": "https://pkc-p11xm.us-east-1.aws.confluent.cloud:443",
    "schema_registry_auto_info": "schema_registry_key:schema_registry_secret",
    "schema_registry_auth_type": ["basic", "ssl"],
    "log_level": "INFO",
    "log_format": "json",
    "log_s3_bucket": "my-bucket",
    "aws_access_key_id": "AKIAIOSFODNN7EXAMPLE",
    "aws_secret_access_key": "wJalrXUtnFEMI/K7MDENG/bPxRfiCYEXAMPLEKEY",
    "version": "0.0.1",
    "__prompts__": {
        "cloud_provider": "Enter the cloud provider (e.g., aws, gcp):",
        "cloud_region": "Enter the region (e.g., us-east-1, us-west-1, eu-west-1):",
        "pipeline_name": "Enter the pipeline name (e.g., my-pipeline):",
        "kafka_bootstrap_servers": "Enter the bootstrap servers (e.g., pkc-p11xm.us-east-1.aws.confluent.cloud:9092):",
        "kafka_sasl_mechanism": "Enter the SASL mechanism (e.g., PLAIN):",
        "kafka_security_protocol": "Enter the security protocol (e.g., SASL_SSL):",
        "kafka_sasl_username": "Enter the SASL username:",
        "kafka_sasl_password": "Enter the SASL password:",
        "schema_registry_url": "Enter the Kafka REST endpoint (e.g., https://pkc-p11xm.us-east-1.aws.confluent.cloud:443):",
        "schema_registry_auto_info": "Enter the schema registry auto info (e.g., kafka_api_key, kafka_api_secret):",
        "schema_registry_auth_type": "Enter the schema registry auth type (basic or ssl, basic is supported at this time.  ssl is not supported yet):",
        "version": "Enter the version of the pipeline (e.g., 0.0.1):",
        "friendly_name": "Enter the friendly name (e.g., My Pipeline):",
        "flink_api_key": "Enter the Flink API key:",
        "flink_api_secret": "Enter the Flink API secret:",
        "flink_environment_id": "Enter the Flink environment id:",
        "flink_compute_pool_id": "Enter the Flink compute pool id:",
        "output_target": "Enter the output target (e.g., kafka, clickhouse, flink):",
        "output_name": "Enter the output name (e.g., my-output):",
        "output_key_serializer": "Enter the output key serializer (e.g., string):",
        "output_value_serializer": "Enter the output value serializer (e.g., avro):",
        "input_source": "Enter the input source (e.g., websocket, kafka, custom):",
        "input_type": "Enter the input type (e.g., kafka):",
        "input_name": "Enter the input name (e.g., my-input):",
        "input_key_serializer": "Enter the input key serializer (e.g., string):",
        "input_value_serializer": "Enter the input value serializer (e.g., avro):",
        "log_level": "Enter the log level (e.g., DEBUG, INFO, WARNING, ERROR, CRITICAL):",
        "log_format": "Enter the log format (e.g., json, text):",
        "log_s3_bucket": "Enter the log S3 bucket (e.g., my-bucket):",
        "aws_access_key_id": "Enter the AWS access key id (e.g., AKIAIOSFODNN7EXAMPLE):",
        "aws_secret_access_key": "Enter the AWS secret access key (e.g., wJalrXUtnFEMI/K7MDENG/bPxRfiCYEXAMPLEKEY):"
    }
}